PK,Bank payment through WU,3 days,100.00 USD,5.00 USD
PK,Credit/debit card,In minutes,100.00 USD,7.00 USD
PK,Bank transfer,3 days,100.00 USD,5.00 USD
PK,Bank payment through WU,3 days,200.00 USD,5.00 USD
PK,Credit/debit card,In minutes,200.00 USD,10.00 USD
PK,Bank transfer,3 days,200.00 USD,5.00 USD
PK,Bank payment through WU,3 days,300.00 USD,5.00 USD
PK,Credit/debit card,In minutes,300.00 USD,10.00 USD
PK,Bank transfer,3 days,300.00 USD,5.00 USD
PK,Bank payment through WU,3 days,400.00 USD,5.00 USD
PK,Credit/debit card,In minutes,400.00 USD,10.00 USD
PK,Bank transfer,3 days,400.00 USD,5.00 USD
PK,Bank payment through WU,3 days,500.00 USD,5.00 USD
PK,Credit/debit card,In minutes,500.00 USD,10.00 USD
PK,Bank transfer,3 days,500.00 USD,5.00 USD
IN,Credit/debit card,In minutes,100.00 USD,5.00 USD
IN,Bank transfer,3 days,100.00 USD,5.00 USD
IN,Bank payment through WU,3 days,100.00 USD,5.00 USD
IN,Credit/debit card,In minutes,200.00 USD,8.00 USD
IN,Bank transfer,3 days,200.00 USD,5.00 USD
IN,Bank payment through WU,3 days,200.00 USD,5.00 USD
IN,Credit/debit card,In minutes,300.00 USD,8.00 USD
IN,Bank transfer,3 days,300.00 USD,5.00 USD
IN,Bank payment through WU,3 days,300.00 USD,5.00 USD
IN,Credit/debit card,In minutes,400.00 USD,8.00 USD
IN,Bank transfer,3 days,400.00 USD,5.00 USD
IN,Bank payment through WU,3 days,400.00 USD,5.00 USD
IN,Credit/debit card,In minutes,500.00 USD,8.00 USD
IN,Bank transfer,3 days,500.00 USD,5.00 USD
IN,Bank payment through WU,3 days,500.00 USD,5.00 USD
TH,Bank payment through WU,3 days,100.00 USD,5.00 USD
TH,Credit/debit card,In minutes,100.00 USD,12.00 USD
TH,Bank transfer,3 days,100.00 USD,5.00 USD
TH,Bank payment through WU,3 days,200.00 USD,5.00 USD
TH,Credit/debit card,In minutes,200.00 USD,15.00 USD
TH,Bank transfer,3 days,200.00 USD,5.00 USD
TH,Bank payment through WU,3 days,300.00 USD,5.00 USD
TH,Credit/debit card,In minutes,300.00 USD,27.00 USD
TH,Bank transfer,3 days,300.00 USD,5.00 USD
TH,Bank payment through WU,3 days,400.00 USD,5.00 USD
TH,Credit/debit card,In minutes,400.00 USD,34.00 USD
TH,Bank transfer,3 days,400.00 USD,5.00 USD
TH,Bank payment through WU,3 days,500.00 USD,5.00 USD
TH,Credit/debit card,In minutes,500.00 USD,42.00 USD
TH,Bank transfer,3 days,500.00 USD,5.00 USD
CN,Bank payment through WU,3 days,100.00 USD,10.00 USD
CN,Credit/debit card,In minutes,100.00 USD,12.00 USD
CN,Bank transfer,3 days,100.00 USD,10.00 USD
CN,Bank payment through WU,3 days,200.00 USD,10.00 USD
CN,Credit/debit card,In minutes,200.00 USD,15.00 USD
CN,Bank transfer,3 days,200.00 USD,10.00 USD
CN,Bank payment through WU,3 days,300.00 USD,10.00 USD
CN,Credit/debit card,In minutes,300.00 USD,25.00 USD
CN,Bank transfer,3 days,300.00 USD,10.00 USD
CN,Bank payment through WU,3 days,400.00 USD,10.00 USD
CN,Credit/debit card,In minutes,400.00 USD,25.00 USD
CN,Bank transfer,3 days,400.00 USD,10.00 USD
CN,Bank payment through WU,3 days,500.00 USD,12.00 USD
CN,Credit/debit card,In minutes,500.00 USD,25.00 USD
CN,Bank transfer,3 days,500.00 USD,12.00 USD
NG,Bank payment through WU,3 days,100.00 USD,10.00 USD
NG,Credit/debit card,In minutes,100.00 USD,12.00 USD
NG,Bank transfer,3 days,100.00 USD,10.00 USD
NG,Bank payment through WU,3 days,200.00 USD,10.00 USD
NG,Credit/debit card,In minutes,200.00 USD,15.00 USD
NG,Bank transfer,3 days,200.00 USD,10.00 USD
NG,Bank payment through WU,3 days,300.00 USD,10.00 USD
NG,Credit/debit card,In minutes,300.00 USD,25.00 USD
NG,Bank transfer,3 days,300.00 USD,10.00 USD
NG,Bank payment through WU,3 days,400.00 USD,10.00 USD
NG,Credit/debit card,In minutes,400.00 USD,25.00 USD
NG,Bank transfer,3 days,400.00 USD,10.00 USD
NG,Bank payment through WU,3 days,500.00 USD,12.00 USD
NG,Credit/debit card,In minutes,500.00 USD,25.00 USD
NG,Bank transfer,3 days,500.00 USD,12.00 USD
PH,Bank payment through WU,3 days,100.00 USD,0.00 USD
PH,Credit/debit card,In minutes,100.00 USD,5.00 USD
PH,Bank transfer,3 days,100.00 USD,0.00 USD
PH,Bank payment through WU,3 days,200.00 USD,0.00 USD
PH,Credit/debit card,In minutes,200.00 USD,5.00 USD
PH,Bank transfer,3 days,200.00 USD,0.00 USD
PH,Bank payment through WU,3 days,300.00 USD,0.00 USD
PH,Credit/debit card,In minutes,300.00 USD,6.00 USD
PH,Bank transfer,3 days,300.00 USD,0.00 USD
PH,Bank payment through WU,3 days,400.00 USD,0.00 USD
PH,Credit/debit card,In minutes,400.00 USD,6.00 USD
PH,Bank transfer,3 days,400.00 USD,0.00 USD
PH,Bank payment through WU,3 days,500.00 USD,0.00 USD
PH,Credit/debit card,In minutes,500.00 USD,6.00 USD
PH,Bank transfer,3 days,500.00 USD,0.00 USD
ID,Bank payment through WU,3 days,100.00 USD,10.00 USD
ID,Credit/debit card,In minutes,100.00 USD,12.00 USD
ID,Bank transfer,3 days,100.00 USD,10.00 USD
ID,Bank payment through WU,3 days,200.00 USD,10.00 USD
ID,Credit/debit card,In minutes,200.00 USD,15.00 USD
ID,Bank transfer,3 days,200.00 USD,10.00 USD
ID,Bank payment through WU,3 days,300.00 USD,20.00 USD
ID,Credit/debit card,In minutes,300.00 USD,27.00 USD
ID,Bank transfer,3 days,300.00 USD,20.00 USD
ID,Bank payment through WU,3 days,400.00 USD,20.00 USD
ID,Credit/debit card,In minutes,400.00 USD,34.00 USD
ID,Bank transfer,3 days,400.00 USD,20.00 USD
ID,Bank payment through WU,3 days,500.00 USD,20.00 USD
ID,Credit/debit card,In minutes,500.00 USD,42.00 USD
ID,Bank transfer,3 days,500.00 USD,20.00 USD
MX,Credit/debit card,In minutes,100.00 USD,5.00 USD
MX,Bank transfer,3 days,100.00 USD,4.00 USD
MX,Bank payment through WU,3 days,100.00 USD,4.00 USD
MX,Credit/debit card,In minutes,200.00 USD,5.00 USD
MX,Bank transfer,3 days,200.00 USD,4.00 USD
MX,Bank payment through WU,3 days,200.00 USD,4.00 USD
MX,Credit/debit card,In minutes,300.00 USD,5.00 USD
MX,Bank transfer,3 days,300.00 USD,4.00 USD
MX,Bank payment through WU,3 days,300.00 USD,4.00 USD
MX,Credit/debit card,In minutes,400.00 USD,7.00 USD
MX,Bank transfer,3 days,400.00 USD,4.00 USD
MX,Bank payment through WU,3 days,400.00 USD,4.00 USD
MX,Credit/debit card,In minutes,500.00 USD,7.00 USD
MX,Bank transfer,3 days,500.00 USD,4.00 USD
MX,Bank payment through WU,3 days,500.00 USD,4.00 USD
GH,Bank payment through WU,3 days,100.00 USD,10.00 USD
GH,Credit/debit card,In minutes,100.00 USD,12.00 USD
GH,Bank transfer,3 days,100.00 USD,10.00 USD
GH,Bank payment through WU,3 days,200.00 USD,10.00 USD
GH,Credit/debit card,In minutes,200.00 USD,15.00 USD
GH,Bank transfer,3 days,200.00 USD,10.00 USD
GH,Bank payment through WU,3 days,300.00 USD,10.00 USD
GH,Credit/debit card,In minutes,300.00 USD,25.00 USD
GH,Bank transfer,3 days,300.00 USD,10.00 USD
GH,Bank payment through WU,3 days,400.00 USD,10.00 USD
GH,Credit/debit card,In minutes,400.00 USD,25.00 USD
GH,Bank transfer,3 days,400.00 USD,10.00 USD
GH,Bank payment through WU,3 days,500.00 USD,12.00 USD
GH,Credit/debit card,In minutes,500.00 USD,25.00 USD
GH,Bank transfer,3 days,500.00 USD,12.00 USD
SO,Bank payment through WU,2 to 5 days,100.00 USD,10.00 USD
SO,Credit/debit card,In minutes,100.00 USD,12.00 USD
SO,Bank transfer,3 days,100.00 USD,10.00 USD
SO,Bank payment through WU,2 to 5 days,200.00 USD,10.00 USD
SO,Credit/debit card,In minutes,200.00 USD,15.00 USD
SO,Bank transfer,3 days,200.00 USD,10.00 USD
SO,Bank payment through WU,2 to 5 days,300.00 USD,20.00 USD
SO,Credit/debit card,In minutes,300.00 USD,27.00 USD
SO,Bank transfer,3 days,300.00 USD,20.00 USD
SO,Bank payment through WU,2 to 5 days,400.00 USD,20.00 USD
SO,Credit/debit card,In minutes,400.00 USD,34.00 USD
SO,Bank transfer,3 days,400.00 USD,20.00 USD
SO,Bank payment through WU,2 to 5 days,500.00 USD,20.00 USD
SO,Credit/debit card,In minutes,500.00 USD,42.00 USD
SO,Bank transfer,3 days,500.00 USD,20.00 USD
ET,Credit/debit card,In minutes,100.00 USD,12.00 USD
ET,Credit/debit card,In minutes,200.00 USD,15.00 USD
ET,Credit/debit card,In minutes,300.00 USD,27.00 USD
ET,Credit/debit card,In minutes,400.00 USD,34.00 USD
ET,Credit/debit card,In minutes,500.00 USD,42.00 USD
